id,image,product_id,order,created_at,updated_at
01k1zw3fpemjzjw0jz15cepxgm,c2c4bae532133f116f9e27484a7e3775_1711691328.jpg,01k106hh7aq636jvqb17qy0rh3,1,2025-08-06T14:21:00.000000Z,2025-08-06T14:21:00.000000Z
01k1zw3g2nendfx0hsnx90dbt9,415a689f5fe6d8492bfc27f86afd832d7.jpg,01k106hh7aq636jvqb17qy0rh3,2,2025-08-06T14:21:00.000000Z,2025-08-06T14:21:00.000000Z
01k1zw41hnerbrre95pcypges2,c9626a6a938189f0d23ef218ef3a1d81_1699931276.jpg,201809200019356880175,1,2025-08-06T14:21:18.000000Z,2025-08-06T14:21:18.000000Z
01k1zw41hwscdjnm3tbnn5ehyz,41ccbe51b7bdac1a8c8c367a23733def_1699931277.jpg,201809200019356880175,2,2025-08-06T14:21:18.000000Z,2025-08-06T14:21:18.000000Z
01k1zw41j4j9nhyqp5hjazs43g,41ccbe51b7bdac1a8c8c367a23733def_16999312771.jpg,201809200019356880175,3,2025-08-06T14:21:18.000000Z,2025-08-06T14:21:18.000000Z
01k1zw41jbq7jp1mv63rbtmrpn,41ccbe51b7bdac1a8c8c367a23733def_16999312772.jpg,201809200019356880175,4,2025-08-06T14:21:18.000000Z,2025-08-06T14:21:18.000000Z
01k1zw41jk7e81dv5gdygk9ags,84759a8f6245137631c0abb9726b27c2_1699931278.jpg,201809200019356880175,5,2025-08-06T14:21:18.000000Z,2025-08-06T14:21:18.000000Z
01k1zw3tkprayxapgzhywa9a69,c9626a6a938189f0d23ef218ef3a1d81_1699941536.jpg,201708241414580610110,1,2025-08-06T14:21:11.000000Z,2025-08-06T14:21:11.000000Z
01k1zw3tkx5ah2r40fqrkf16qw,c89cfed0e8c74f8cb4e8545aa7db7a79_1699941534.jpg,201708241414580610110,2,2025-08-06T14:21:11.000000Z,2025-08-06T14:21:11.000000Z
01k1zw3tm4c12yjarzfbfky0n9,90c4845560ab1a537679aaab75f7cc9f_1699941535.jpg,201708241414580610110,3,2025-08-06T14:21:11.000000Z,2025-08-06T14:21:11.000000Z
01k1zw3tmak7dsj5mqq9cah7ze,90c4845560ab1a537679aaab75f7cc9f_16999415351.jpg,201708241414580610110,4,2025-08-06T14:21:11.000000Z,2025-08-06T14:21:11.000000Z
01k1zw3tmh48rnq9e4h597q66z,90c4845560ab1a537679aaab75f7cc9f_16999415352.jpg,201708241414580610110,5,2025-08-06T14:21:11.000000Z,2025-08-06T14:21:11.000000Z
01k1zw3v40h6w5dk6k12gtb7sv,5bfebe8d3222d5f375d1cd241094f547_16999458951.jpg,201709221957471820226,1,2025-08-06T14:21:12.000000Z,2025-08-06T14:21:12.000000Z
01k1zw3v47n1eqgb623rpcskyk,ef949e84be098f948a39046219b1b403_1699945893.jpg,201709221957471820226,2,2025-08-06T14:21:12.000000Z,2025-08-06T14:21:12.000000Z
01k1zw3v4etr6yhakrrt8h9jw4,1bb298f82e12d15c38dc8791c36c0988_1699945894.jpg,201709221957471820226,3,2025-08-06T14:21:12.000000Z,2025-08-06T14:21:12.000000Z
01k1zw3v4n250jkwkkjzgtxjng,1bb298f82e12d15c38dc8791c36c0988_16999458941.jpg,201709221957471820226,4,2025-08-06T14:21:12.000000Z,2025-08-06T14:21:12.000000Z
01k1zw3v4wghf7ve7z1vdwv26g,1bb298f82e12d15c38dc8791c36c0988_16999458942.jpg,201709221957471820226,5,2025-08-06T14:21:12.000000Z,2025-08-06T14:21:12.000000Z
01k1zw3v53xjsapzkx66g8ytvb,5bfebe8d3222d5f375d1cd241094f547_1699945895.jpg,201709221957471820226,6,2025-08-06T14:21:12.000000Z,2025-08-06T14:21:12.000000Z
01k1zw3vshxf9nz3v4avxcc7rg,eb2b2301b7299b24aaac0dc5c85c0a53_1699941793.jpg,201711182022177670128,1,2025-08-06T14:21:12.000000Z,2025-08-06T14:21:12.000000Z
01k1zw3vspfvwwhytyv06ryedr,0f75b57b5e92bcec1a164e0f7ff255cd_1699941791.jpg,201711182022177670128,2,2025-08-06T14:21:12.000000Z,2025-08-06T14:21:12.000000Z
01k1zw3vsxxpfp1cqpj52j9htp,f82dca584f9ed6417dac2a906f189c6b_1699941792.jpg,201711182022177670128,3,2025-08-06T14:21:12.000000Z,2025-08-06T14:21:12.000000Z
01k1zw3vt7h70kq3nfn528zfnw,f82dca584f9ed6417dac2a906f189c6b_16999417921.jpg,201711182022177670128,4,2025-08-06T14:21:12.000000Z,2025-08-06T14:21:12.000000Z
01k1zw3z8sared1xe08yf0qrhn,37b44ea982e045b9668a1885b8becfd0_1700452472.jpg,201803142039575950165,1,2025-08-06T14:21:16.000000Z,2025-08-06T14:21:16.000000Z
01k1zw3z8ztcq8s1zxjzck0ghm,ef949e84be098f948a39046219b1b403_1700452473.jpg,201803142039575950165,2,2025-08-06T14:21:16.000000Z,2025-08-06T14:21:16.000000Z
01k1zw3z978j20ws874y6v9q8m,ef949e84be098f948a39046219b1b403_17004524731.jpg,201803142039575950165,3,2025-08-06T14:21:16.000000Z,2025-08-06T14:21:16.000000Z
01k1zw3z9ev4eq34evr15abjq0,1bb298f82e12d15c38dc8791c36c0988_1700452474.jpg,201803142039575950165,4,2025-08-06T14:21:16.000000Z,2025-08-06T14:21:16.000000Z
01k1zw3szexyjfr46j4j0qt3cf,49a43e22129d9cbe813ce3b21e1907af_1699952611.jpg,201706161845519750176,1,2025-08-06T14:21:11.000000Z,2025-08-06T14:21:11.000000Z
01k1zw3szmzpqwy6m30t70nt15,49a43e22129d9cbe813ce3b21e1907af_16999526111.jpg,201706161845519750176,2,2025-08-06T14:21:11.000000Z,2025-08-06T14:21:11.000000Z
01k1zw3szw8snxyqp4k7jnxe53,37b44ea982e045b9668a1885b8becfd0_1699952612.jpg,201706161845519750176,3,2025-08-06T14:21:11.000000Z,2025-08-06T14:21:11.000000Z
01k1zw3t02a1sq77j3hhzkrrff,37b44ea982e045b9668a1885b8becfd0_16999526121.jpg,201706161845519750176,4,2025-08-06T14:21:11.000000Z,2025-08-06T14:21:11.000000Z
01k1zw3t0a2sa2ssbzd6w5jjsd,ef949e84be098f948a39046219b1b403_1699952613.jpg,201706161845519750176,5,2025-08-06T14:21:11.000000Z,2025-08-06T14:21:11.000000Z
01k1zw3t83pn81kdbd171t4pfy,7bcd9bf861f40378cb4dcb6dc4fdc161_1699952466.jpg,201708071611119820128,1,2025-08-06T14:21:11.000000Z,2025-08-06T14:21:11.000000Z
01k1zw3t89v58c5z4p4h1b341y,7bcd9bf861f40378cb4dcb6dc4fdc161_16999524661.jpg,201708071611119820128,2,2025-08-06T14:21:11.000000Z,2025-08-06T14:21:11.000000Z
01k1zw3t8hp7zrcrf3e63z88xx,ea241764a05bbb7783e0a82e47ad56d4_1699952467.jpg,201708071611119820128,3,2025-08-06T14:21:11.000000Z,2025-08-06T14:21:11.000000Z
01k1zw3t8rrnm4ezyft1vsz69s,ea241764a05bbb7783e0a82e47ad56d4_16999524671.jpg,201708071611119820128,4,2025-08-06T14:21:11.000000Z,2025-08-06T14:21:11.000000Z
01k1zw3t91trdrxwh8d4t8dsjj,82610a31d991977e7a5f246397b4b5aa_1699952468.jpg,201708071611119820128,5,2025-08-06T14:21:11.000000Z,2025-08-06T14:21:11.000000Z
01k1zw40sq55bs3yxb6kesn3n9,a91b186619f69e82957f1c5d8de7050e_1699952536.jpg,201807121839184540162,1,2025-08-06T14:21:18.000000Z,2025-08-06T14:21:18.000000Z
01k1zw40szgqgpq1jdfwmrvr70,a91b186619f69e82957f1c5d8de7050e_16999525361.jpg,201807121839184540162,2,2025-08-06T14:21:18.000000Z,2025-08-06T14:21:18.000000Z
01k1zw40t7xsyz7stqre458858,a91b186619f69e82957f1c5d8de7050e_16999525362.jpg,201807121839184540162,3,2025-08-06T14:21:18.000000Z,2025-08-06T14:21:18.000000Z
01k1zw42m80gqsch5bdzekfmyz,a91b186619f69e82957f1c5d8de7050e_1699954516.jpg,201903291651305400270,1,2025-08-06T14:21:19.000000Z,2025-08-06T14:21:19.000000Z
01k1zw42mffqws7mrf56yd0y25,a91b186619f69e82957f1c5d8de7050e_16999545161.jpg,201903291651305400270,2,2025-08-06T14:21:19.000000Z,2025-08-06T14:21:19.000000Z
01k1zw42mrqwajxabga2kktpb6,a91b186619f69e82957f1c5d8de7050e_16999545162.jpg,201903291651305400270,3,2025-08-06T14:21:19.000000Z,2025-08-06T14:21:19.000000Z
01k1zw42n0yqanwafd01dpq0m5,85d1ba9c10765ec693751d9f7b4b4705_1699954517.jpg,201903291651305400270,4,2025-08-06T14:21:19.000000Z,2025-08-06T14:21:19.000000Z
01k1zw45vgkhsctw7x9n0cdtrz,1bb298f82e12d15c38dc8791c36c0988_1700458534.jpg,202208031233545100238,1,2025-08-06T14:21:23.000000Z,2025-08-06T14:21:23.000000Z
01k1zw45vpvzxfy1mcj40hqnvx,1bb298f82e12d15c38dc8791c36c0988_17004585341.jpg,202208031233545100238,2,2025-08-06T14:21:23.000000Z,2025-08-06T14:21:23.000000Z
01k1zw45vz6n2x6sq1hmy1mapw,1bb298f82e12d15c38dc8791c36c0988_17004585342.jpg,202208031233545100238,3,2025-08-06T14:21:23.000000Z,2025-08-06T14:21:23.000000Z
01k1zw45w75mnnp4xhpy8wj7dd,5bfebe8d3222d5f375d1cd241094f547_1700458535.jpg,202208031233545100238,4,2025-08-06T14:21:23.000000Z,2025-08-06T14:21:23.000000Z
01k1zw45webm9cx697b9xksb1h,5bfebe8d3222d5f375d1cd241094f547_17004585351.jpg,202208031233545100238,5,2025-08-06T14:21:23.000000Z,2025-08-06T14:21:23.000000Z
01k1zw45wp7zy2942na8mrr2jq,a1710da07b6607be06eb62ef2649c31a_1700458536.jpg,202208031233545100238,6,2025-08-06T14:21:23.000000Z,2025-08-06T14:21:23.000000Z
01k1zw45wz9j50437tzfsxnczb,a1710da07b6607be06eb62ef2649c31a_17004585361.jpg,202208031233545100238,7,2025-08-06T14:21:23.000000Z,2025-08-06T14:21:23.000000Z
01k1zw45x7a5q7nptkcewd7x0n,f0f47e116537de2c3b2ce0f817c7fadb_1700458537.jpg,202208031233545100238,8,2025-08-06T14:21:23.000000Z,2025-08-06T14:21:23.000000Z
01k1zw45xfzqte2t050334rr6j,f0f47e116537de2c3b2ce0f817c7fadb_17004585371.jpg,202208031233545100238,9,2025-08-06T14:21:23.000000Z,2025-08-06T14:21:23.000000Z
01k1zw3r59g1n0326v6wd8npwk,1bb298f82e12d15c38dc8791c36c0988_1699949554.jpg,201706010206241540163,1,2025-08-06T14:21:09.000000Z,2025-08-06T14:21:09.000000Z
01k1zw3r5exfrftxqzrydq4tyh,1bb298f82e12d15c38dc8791c36c0988_16999495541.jpg,201706010206241540163,2,2025-08-06T14:21:09.000000Z,2025-08-06T14:21:09.000000Z
01k1zw3r5nqbmzhtvv50ysccgz,5bfebe8d3222d5f375d1cd241094f547_1699949555.jpg,201706010206241540163,3,2025-08-06T14:21:09.000000Z,2025-08-06T14:21:09.000000Z
01k1zw3r5vtw1xhgcwcht3admy,5bfebe8d3222d5f375d1cd241094f547_16999495551.jpg,201706010206241540163,4,2025-08-06T14:21:09.000000Z,2025-08-06T14:21:09.000000Z
01k1zw3r61cf9wb38e2q6jmvvz,a1710da07b6607be06eb62ef2649c31a_1699949556.jpg,201706010206241540163,5,2025-08-06T14:21:09.000000Z,2025-08-06T14:21:09.000000Z
01k1zw3r69ebrz9mq30q2wv9jw,a1710da07b6607be06eb62ef2649c31a_16999495561.jpg,201706010206241540163,6,2025-08-06T14:21:09.000000Z,2025-08-06T14:21:09.000000Z
01k1zw3tcv6hx8whmy9m6vbk41,fac5635388db59a3a828fa913d36f8c9_1699950439.jpg,201708231500260320149,1,2025-08-06T14:21:11.000000Z,2025-08-06T14:21:11.000000Z
01k1zw3td2psczd3vfee3ybnrh,e4d30f471ffa81244b2df270e38846b3_1699950440.jpg,201708231500260320149,2,2025-08-06T14:21:11.000000Z,2025-08-06T14:21:11.000000Z
01k1zw3tdafvk56ykc019q6ss3,e4d30f471ffa81244b2df270e38846b3_16999504401.jpg,201708231500260320149,3,2025-08-06T14:21:11.000000Z,2025-08-06T14:21:11.000000Z
01k1zw3tdj2b8xvvzbvfyy5mbb,942bd5cd97d3de06e8dde42fe316e3c8_1699950441.jpg,201708231500260320149,4,2025-08-06T14:21:11.000000Z,2025-08-06T14:21:11.000000Z
01k1zw3tdtyhptr7n85cj0f85w,942bd5cd97d3de06e8dde42fe316e3c8_16999504411.jpg,201708231500260320149,5,2025-08-06T14:21:11.000000Z,2025-08-06T14:21:11.000000Z
01k1zw3te2p31ymqjq8dev5mvf,c1ede284931e4cef4f7b75c4fd19d9a8_1699950442.jpg,201708231500260320149,6,2025-08-06T14:21:11.000000Z,2025-08-06T14:21:11.000000Z
01k1zw3ryxxcsyfs4shvqva3ka,a91b186619f69e82957f1c5d8de7050e_16999468961.jpg,201706010206418410124,1,2025-08-06T14:21:09.000000Z,2025-08-06T14:21:09.000000Z
01k1zw3rz2fgkycjmkxjmfs6kq,1113537870791f21f10e5733b5b9042e_1699946895.jpg,201706010206418410124,2,2025-08-06T14:21:09.000000Z,2025-08-06T14:21:09.000000Z
01k1zw3rz81f6d1ret8ycmjn48,a91b186619f69e82957f1c5d8de7050e_1699946896.jpg,201706010206418410124,3,2025-08-06T14:21:09.000000Z,2025-08-06T14:21:09.000000Z
01k1zw3rzcfnj6hkv2pzhmq4xh,85d1ba9c10765ec693751d9f7b4b4705_1699946897.jpg,201706010206418410124,4,2025-08-06T14:21:09.000000Z,2025-08-06T14:21:09.000000Z
01k1zw3rajggrssk3mcv2ss5sc,c1ede284931e4cef4f7b75c4fd19d9a8_1700459662.jpg,201706010206255910117,1,2025-08-06T14:21:09.000000Z,2025-08-06T14:21:09.000000Z
01k1zw3raq05eqbyxe7k57z2qn,c1ede284931e4cef4f7b75c4fd19d9a8_17004596621.jpg,201706010206255910117,2,2025-08-06T14:21:09.000000Z,2025-08-06T14:21:09.000000Z
01k1zw4591kec0023fet2bwn23,c4227c4e7fad1b2aadd52d29b07d3a75_1700459739.jpg,202206211646138120235,1,2025-08-06T14:21:22.000000Z,2025-08-06T14:21:22.000000Z
01k1zw4598tmr3mdg7ty3rqnhc,c4227c4e7fad1b2aadd52d29b07d3a75_17004597391.jpg,202206211646138120235,2,2025-08-06T14:21:22.000000Z,2025-08-06T14:21:22.000000Z
01k1zw459fvec9c0qstcwvseya,0d7015d379042710b588409a8e160259_1700459740.jpg,202206211646138120235,3,2025-08-06T14:21:22.000000Z,2025-08-06T14:21:22.000000Z
01k1zw459qpdx2thy1xq931zfy,0d7015d379042710b588409a8e160259_17004597401.jpg,202206211646138120235,4,2025-08-06T14:21:22.000000Z,2025-08-06T14:21:22.000000Z
01k1zw459zmva6mf37gvtpk1v3,dc5cc7690d04e6f54280fd4de6042628_1700459741.jpg,202206211646138120235,5,2025-08-06T14:21:22.000000Z,2025-08-06T14:21:22.000000Z
01k1zw45a6kdramr0bs0prt4bg,dc5cc7690d04e6f54280fd4de6042628_17004597411.jpg,202206211646138120235,6,2025-08-06T14:21:22.000000Z,2025-08-06T14:21:22.000000Z
01k1zw45adsmvgv64s2sev9wc0,58ed9232b95971f79e6329830d9baed6_1700459742.jpg,202206211646138120235,7,2025-08-06T14:21:22.000000Z,2025-08-06T14:21:22.000000Z
01k1zw45an471jwbxwxb1yeyyt,58ed9232b95971f79e6329830d9baed6_17004597421.jpg,202206211646138120235,8,2025-08-06T14:21:22.000000Z,2025-08-06T14:21:22.000000Z
01k1zw3rghefkvwqdrq1313zy4,e14db5d17c93416a7b52efd4b17107ec_1700460181.jpg,201706010206257320135,1,2025-08-06T14:21:09.000000Z,2025-08-06T14:21:09.000000Z
01k1zw3rgp8dp8py7v0pdnee2x,e14db5d17c93416a7b52efd4b17107ec_17004601811.jpg,201706010206257320135,2,2025-08-06T14:21:09.000000Z,2025-08-06T14:21:09.000000Z
01k1zw3rgy4cgzydashrzk7d3x,e14db5d17c93416a7b52efd4b17107ec_17004601812.jpg,201706010206257320135,3,2025-08-06T14:21:09.000000Z,2025-08-06T14:21:09.000000Z
01k1zw3rh7a1811ees6vqzh51x,2ce1b89f24fc253f07410bc0798ad12b_1700460182.jpg,201706010206257320135,4,2025-08-06T14:21:09.000000Z,2025-08-06T14:21:09.000000Z
01k1zw3rhdvsd62mzfhfbpazq4,2ce1b89f24fc253f07410bc0798ad12b_17004601821.jpg,201706010206257320135,5,2025-08-06T14:21:09.000000Z,2025-08-06T14:21:09.000000Z
01k1zw42xn2z26j2vdv5wtyt54,cb8c4b8fb70d02cd3cc89f5c9952ae73_1700460314.jpg,201904142353363610341,1,2025-08-06T14:21:20.000000Z,2025-08-06T14:21:20.000000Z
01k1zw3rr7a7jnd7v8n5je6m8k,14c66041a44637c13a33f833d2bc9a6a_1700462030.jpg,201706010206274190186,1,2025-08-06T14:21:09.000000Z,2025-08-06T14:21:09.000000Z
01k1zw3rrdezqsbc554c695hr4,14c66041a44637c13a33f833d2bc9a6a_17004620301.jpg,201706010206274190186,2,2025-08-06T14:21:09.000000Z,2025-08-06T14:21:09.000000Z
01k1zw3rrkdd0rf6d52z96arh4,14c66041a44637c13a33f833d2bc9a6a_17004620302.jpg,201706010206274190186,3,2025-08-06T14:21:09.000000Z,2025-08-06T14:21:09.000000Z
01k1zw3rrsnqq6x76p9w98b08c,14c66041a44637c13a33f833d2bc9a6a_17004620303.jpg,201706010206274190186,4,2025-08-06T14:21:09.000000Z,2025-08-06T14:21:09.000000Z
01k1zw44131b2q10k118j6naec,ea45513332d8d7cb05883bc9846e5ce1_1700460643.jpg,201910202253146430165,1,2025-08-06T14:21:21.000000Z,2025-08-06T14:21:21.000000Z
01k1zw4418ffz4ezx4bzsf94zv,ad0dd1f39349bd186d79a60868c3d8dc_1700460644.jpg,201910202253146430165,2,2025-08-06T14:21:21.000000Z,2025-08-06T14:21:21.000000Z
01k1zw441dzs3g0334a9k3p5kq,ad0dd1f39349bd186d79a60868c3d8dc_17004606441.jpg,201910202253146430165,3,2025-08-06T14:21:21.000000Z,2025-08-06T14:21:21.000000Z
01k1zw441k2speyzztbkv8wkg9,573ab06895305f3345debd69b067413d_1700460645.jpg,201910202253146430165,4,2025-08-06T14:21:21.000000Z,2025-08-06T14:21:21.000000Z
01k1zw441swb7tk8jkwma128cj,573ab06895305f3345debd69b067413d_17004606451.jpg,201910202253146430165,5,2025-08-06T14:21:21.000000Z,2025-08-06T14:21:21.000000Z
01k1zw441z1y9wq17dzs2zsemc,11ab8fdbd74acec730f66096c19cab43_1700460646.jpg,201910202253146430165,6,2025-08-06T14:21:21.000000Z,2025-08-06T14:21:21.000000Z
01k1zw46cyettjgjammz1trdm7,c4227c4e7fad1b2aadd52d29b07d3a75_1700460699.jpg,202212310848315590137,1,2025-08-06T14:21:23.000000Z,2025-08-06T14:21:23.000000Z
01k1zw46d53jyv6ag9y84wxydp,0d7015d379042710b588409a8e160259_1700460700.jpg,202212310848315590137,2,2025-08-06T14:21:23.000000Z,2025-08-06T14:21:23.000000Z
01k1zw46dcvscbgtyh0dg4jtr3,0d7015d379042710b588409a8e160259_17004607001.jpg,202212310848315590137,3,2025-08-06T14:21:23.000000Z,2025-08-06T14:21:23.000000Z
01k1zw46dm3bva861cthrpg968,dc5cc7690d04e6f54280fd4de6042628_1700460701.jpg,202212310848315590137,4,2025-08-06T14:21:23.000000Z,2025-08-06T14:21:23.000000Z
01k1zw46dxsjzyefb8rf7kgkmc,dc5cc7690d04e6f54280fd4de6042628_17004607011.jpg,202212310848315590137,5,2025-08-06T14:21:23.000000Z,2025-08-06T14:21:23.000000Z
01k1zw46e5bdcz94w2vvc5y0mf,58ed9232b95971f79e6329830d9baed6_1700460702.jpg,202212310848315590137,6,2025-08-06T14:21:23.000000Z,2025-08-06T14:21:23.000000Z
01k1zw2y6detj1vm27v3bkh40j,dc5cc7690d04e6f54280fd4de6042628_1700461181.jpg,01jz9v31gy7w4rswegw716z8z5,1,2025-08-06T14:20:42.000000Z,2025-08-06T14:20:42.000000Z
01k1zw2y6mqtry0pr8h48js9kc,58ed9232b95971f79e6329830d9baed6_1700461182.jpg,01jz9v31gy7w4rswegw716z8z5,2,2025-08-06T14:20:42.000000Z,2025-08-06T14:20:42.000000Z
01k1zw2y6wn8mk4y3y9ntzq4gf,58ed9232b95971f79e6329830d9baed6_17004611821.jpg,01jz9v31gy7w4rswegw716z8z5,3,2025-08-06T14:20:42.000000Z,2025-08-06T14:20:42.000000Z
01k1zw2y74j0beejw5d276jn4g,ea45513332d8d7cb05883bc9846e5ce1_1700461183.jpg,01jz9v31gy7w4rswegw716z8z5,4,2025-08-06T14:20:42.000000Z,2025-08-06T14:20:42.000000Z
01k1zw2y7z0ezjqc3wh03dhhjz,ea45513332d8d7cb05883bc9846e5ce1_17004611831.jpg,01jz9v31gy7w4rswegw716z8z5,5,2025-08-06T14:20:42.000000Z,2025-08-06T14:20:42.000000Z