id,package_id,order,product_id,product_type,type,quantity,created_at,updated_at
01k106qyw9z3yk0fq17yxd60az,01k106mpmgnjpqh1893wdyeqwf,0,01k106hh7aq636jvqb17qy0rh3,RentProduct,PARENT,1,2025-07-25T07:11:15.000000Z,2025-07-25T07:11:15.000000Z
01k106qyweagtet6j3as85zd6s,01k106mpmgnjpqh1893wdyeqwf,0,01k0zxr40q1sbnm4xb7xs03daz,RentProduct,CHILD,1,2025-07-25T07:11:15.000000Z,2025-07-25T07:11:15.000000Z
01k106qywj81jnfnben1h19mk4,01k106mpmgnjpqh1893wdyeqwf,0,01k106qe8nfxx8r77mjggtyvdy,RentProduct,CHILD,1,2025-07-25T07:11:15.000000Z,2025-07-25T07:11:15.000000Z
01jv7pfv35wzxexr4cccsyfgta,01jv77dxf28t3hr0ggqm7nyt38,0,201809200019356880175,RentProduct,PARENT,1,2025-05-14T15:26:56.000000Z,2025-05-14T15:26:56.000000Z
01jv7pfv39kbrjxbn7e5mt0v8e,01jv77dxf28t3hr0ggqm7nyt38,0,201712031459073790223,RentProduct,CHILD,1,2025-05-14T15:26:56.000000Z,2025-05-14T15:26:56.000000Z
01jv7pfv3dfcces0gcjrkzfd82,01jv77dxf28t3hr0ggqm7nyt38,0,201906181613535610157,RentProduct,CHILD,2,2025-05-14T15:26:56.000000Z,2025-05-14T15:26:56.000000Z
01jv7pfv3j5wxg060x9xzrwghw,01jv77dxf28t3hr0ggqm7nyt38,0,201706022106379960131,RentProduct,CHILD,1,2025-05-14T15:26:56.000000Z,2025-05-14T15:26:56.000000Z
01jv7pdg1fqze2w5smq67xr0nj,01jv77hbv2cn7rwb9rdcegvrad,0,201708241414580610110,RentProduct,PARENT,1,2025-05-14T15:25:39.000000Z,2025-05-14T15:25:39.000000Z
01jv7pdg1k8m9rn59pb75xas34,01jv77hbv2cn7rwb9rdcegvrad,0,201906141329435370310,RentProduct,CHILD,2,2025-05-14T15:25:39.000000Z,2025-05-14T15:25:39.000000Z
01jv7pdg1qv8ybh35qkp3hxeee,01jv77hbv2cn7rwb9rdcegvrad,0,201712031459073790223,RentProduct,CHILD,1,2025-05-14T15:25:39.000000Z,2025-05-14T15:25:39.000000Z
01jv7pdg1vk9wvpyvfjqeec1q7,01jv77hbv2cn7rwb9rdcegvrad,0,201706010205413410153,RentProduct,CHILD,1,2025-05-14T15:25:39.000000Z,2025-05-14T15:25:39.000000Z
01jv7petgjxdsbwc1n9y0bty99,01jv76f2b8fw54x2c079s0xke9,0,201709221957471820226,RentProduct,PARENT,1,2025-05-14T15:26:23.000000Z,2025-05-14T15:26:23.000000Z
01jv7petgp12sk555ms4zdxsyz,01jv76f2b8fw54x2c079s0xke9,0,201709222003049090257,RentProduct,CHILD,2,2025-05-14T15:26:23.000000Z,2025-05-14T15:26:23.000000Z
01jv7petgvps6m24321ms0sk4t,01jv76f2b8fw54x2c079s0xke9,0,201709222001134050270,RentProduct,CHILD,1,2025-05-14T15:26:23.000000Z,2025-05-14T15:26:23.000000Z
01jv7petgzm3t9hjeexe5g1ysh,01jv76f2b8fw54x2c079s0xke9,0,201706010205556690180,RentProduct,CHILD,1,2025-05-14T15:26:23.000000Z,2025-05-14T15:26:23.000000Z
01jv7pe6cga5mgk863p24xhw33,01jv7754efje53stnaqnn1njzc,0,201711182022177670128,RentProduct,PARENT,1,2025-05-14T15:26:02.000000Z,2025-05-14T15:26:02.000000Z
01jv7pe6cnvyvhr3a9vrghmwsz,01jv7754efje53stnaqnn1njzc,0,201906181624502870121,RentProduct,CHILD,2,2025-05-14T15:26:02.000000Z,2025-05-14T15:26:02.000000Z
01jv7pe6cskk9nf6qf6wsb4y16,01jv7754efje53stnaqnn1njzc,0,201907042314068840119,RentProduct,CHILD,1,2025-05-14T15:26:02.000000Z,2025-05-14T15:26:02.000000Z
01jv7pe6cxssnxzgbhb00pab1g,01jv7754efje53stnaqnn1njzc,0,201712031459073790223,RentProduct,CHILD,1,2025-05-14T15:26:02.000000Z,2025-05-14T15:26:02.000000Z
01jv7pe6d2zqqj5hy579my1pbc,01jv7754efje53stnaqnn1njzc,0,202109140837192050143,RentProduct,CHILD,1,2025-05-14T15:26:02.000000Z,2025-05-14T15:26:02.000000Z
01k1htf82ghye2sgxv0qc2vpy7,01jv77y1zk9teem3600jxj9dt2,0,201803142039575950165,RentProduct,PARENT,1,2025-08-01T03:23:06.000000Z,2025-08-01T03:23:06.000000Z
01k1htf82mnhbx2aepy6gha1n6,01jv77y1zk9teem3600jxj9dt2,0,201803142031207670148,RentProduct,CHILD,3,2025-08-01T03:23:06.000000Z,2025-08-01T03:23:06.000000Z
01k1htf82ssc7jpk69cezj9we9,01jv77y1zk9teem3600jxj9dt2,0,201803142028329750183,RentProduct,CHILD,1,2025-08-01T03:23:06.000000Z,2025-08-01T03:23:06.000000Z
01k1htf82xmw2da7z0vy01jjxp,01jv77y1zk9teem3600jxj9dt2,0,201707252119291980167,RentProduct,CHILD,1,2025-08-01T03:23:06.000000Z,2025-08-01T03:23:06.000000Z
01k1htf831xj3e3n1x6ynnr462,01jv77y1zk9teem3600jxj9dt2,0,01k1htcnqcfham86gmvcy9v57f,RentProduct,CHILD,1,2025-08-01T03:23:06.000000Z,2025-08-01T03:23:06.000000Z
01jv7pc9j6gt3ez95j75e980ws,01jv79n0n97wwfycx74sdcwcbt,0,201706161845519750176,RentProduct,PARENT,1,2025-05-14T15:25:00.000000Z,2025-05-14T15:25:00.000000Z
01jv7pc9jab4nxcnn65yymk65a,01jv79n0n97wwfycx74sdcwcbt,0,201906141338091100365,RentProduct,CHILD,2,2025-05-14T15:25:00.000000Z,2025-05-14T15:25:00.000000Z
01jv7pc9jej4382tv1cyg4mggm,01jv79n0n97wwfycx74sdcwcbt,0,201706161835313580110,RentProduct,CHILD,1,2025-05-14T15:25:00.000000Z,2025-05-14T15:25:00.000000Z
01jv7pc9jkx55fqpkkkpss1a34,01jv79n0n97wwfycx74sdcwcbt,0,201712031459073790223,RentProduct,CHILD,1,2025-05-14T15:25:00.000000Z,2025-05-14T15:25:00.000000Z
01jv7pd60ay4yf907ytcx67t3k,01jv78q7k7xefvxznpvv7wnh2f,0,201708071611119820128,RentProduct,PARENT,1,2025-05-14T15:25:29.000000Z,2025-05-14T15:25:29.000000Z
01jv7pd60eawrk1ewkxam7atyf,01jv78q7k7xefvxznpvv7wnh2f,0,201906141338091100365,RentProduct,CHILD,2,2025-05-14T15:25:29.000000Z,2025-05-14T15:25:29.000000Z
01jv7pd60k86jd6sgcph2kxqb5,01jv78q7k7xefvxznpvv7wnh2f,0,201710101417488670175,RentProduct,CHILD,1,2025-05-14T15:25:29.000000Z,2025-05-14T15:25:29.000000Z
01jv7pd60qhj2pdepwne0nmn4j,01jv78q7k7xefvxznpvv7wnh2f,0,201712031459073790223,RentProduct,CHILD,1,2025-05-14T15:25:29.000000Z,2025-05-14T15:25:29.000000Z
01jv7pbhfmrk23fwcar10cfrad,01jv7jrx8fvzs0devs0439e8j8,0,201807121839184540162,RentProduct,PARENT,1,2025-05-14T15:24:35.000000Z,2025-05-14T15:24:35.000000Z
01jv7pbhfsc7f2kmsezesr8xyk,01jv7jrx8fvzs0devs0439e8j8,0,201906141338091100365,RentProduct,CHILD,2,2025-05-14T15:24:35.000000Z,2025-05-14T15:24:35.000000Z
01jv7pbhfx6749s589t7fv9zx5,01jv7jrx8fvzs0devs0439e8j8,0,201712031459073790223,RentProduct,CHILD,1,2025-05-14T15:24:35.000000Z,2025-05-14T15:24:35.000000Z
01jv7pbhg1wqzynvm46kmxg257,01jv7jrx8fvzs0devs0439e8j8,0,201807121835311830136,RentProduct,CHILD,1,2025-05-14T15:24:35.000000Z,2025-05-14T15:24:35.000000Z
01jv7pfhwpjyyyjresz7tf5c2d,01jv72zx79h2tdx3fp6yg52aef,0,201903291651305400270,RentProduct,PARENT,1,2025-05-14T15:26:47.000000Z,2025-05-14T15:26:47.000000Z
01jv7pfhwwrh80nzjv3b73cdyh,01jv72zx79h2tdx3fp6yg52aef,0,201906141338091100365,RentProduct,CHILD,2,2025-05-14T15:26:47.000000Z,2025-05-14T15:26:47.000000Z
01jv7pfhx1qa631gw7xsz1x7vj,01jv72zx79h2tdx3fp6yg52aef,0,201903291712230950386,RentProduct,CHILD,1,2025-05-14T15:26:47.000000Z,2025-05-14T15:26:47.000000Z
01jv7pfhx6gh0wnxm1c29sdcrx,01jv72zx79h2tdx3fp6yg52aef,0,201712031459073790223,RentProduct,CHILD,1,2025-05-14T15:26:47.000000Z,2025-05-14T15:26:47.000000Z
01jv7pfhxbxr9vnzehnwxd507a,01jv72zx79h2tdx3fp6yg52aef,0,201706010206004820174,RentProduct,CHILD,1,2025-05-14T15:26:47.000000Z,2025-05-14T15:26:47.000000Z
01jv7pd18nac4npmfx4cw7zqt0,01jv78vhs6krkgz4011cxyj5t8,0,202208031233545100238,RentProduct,PARENT,1,2025-05-14T15:25:24.000000Z,2025-05-14T15:25:24.000000Z
01jv7pd18s99spv3rsstcw86zk,01jv78vhs6krkgz4011cxyj5t8,0,202208031240359290240,RentProduct,CHILD,1,2025-05-14T15:25:24.000000Z,2025-05-14T15:25:24.000000Z
01jv7pd18x7gn0rtqtw3tm270q,01jv78vhs6krkgz4011cxyj5t8,0,202107261205082260214,RentProduct,CHILD,2,2025-05-14T15:25:24.000000Z,2025-05-14T15:25:24.000000Z
01jv7pd1919w1hhv6vf0np2nj2,01jv78vhs6krkgz4011cxyj5t8,0,202206211659394090221,RentProduct,CHILD,1,2025-05-14T15:25:24.000000Z,2025-05-14T15:25:24.000000Z
01jv7pd1959ymn80vqvd5a1acm,01jv78vhs6krkgz4011cxyj5t8,0,202208031237185810266,RentProduct,CHILD,1,2025-05-14T15:25:24.000000Z,2025-05-14T15:25:24.000000Z
01jv7pd19ash5x4kr0hwcjksfk,01jv78vhs6krkgz4011cxyj5t8,0,202210011030164870240,RentProduct,CHILD,1,2025-05-14T15:25:24.000000Z,2025-05-14T15:25:24.000000Z
01jv7pcdyms3pk372xm50xcywy,01jv79fxr1d0p6pdm3akapygz8,0,201706010206241540163,RentProduct,PARENT,1,2025-05-14T15:25:04.000000Z,2025-05-14T15:25:04.000000Z
01jv7pcdyrhbykxv26qbqp8grq,01jv79fxr1d0p6pdm3akapygz8,0,201903262117549940392,RentProduct,CHILD,2,2025-05-14T15:25:04.000000Z,2025-05-14T15:25:04.000000Z
01jv7pcdyxd908dn0dr1g241pa,01jv79fxr1d0p6pdm3akapygz8,0,201706010205416540111,RentProduct,CHILD,1,2025-05-14T15:25:04.000000Z,2025-05-14T15:25:04.000000Z
01jv7pcdz14r120r9pzcdem065,01jv79fxr1d0p6pdm3akapygz8,0,201712031459073790223,RentProduct,CHILD,1,2025-05-14T15:25:04.000000Z,2025-05-14T15:25:04.000000Z
01jv7pf4yhmmsj2mrznxew7h62,01jv76aamz3qctqtagdya8k942,0,201708231500260320149,RentProduct,PARENT,1,2025-05-14T15:26:33.000000Z,2025-05-14T15:26:33.000000Z
01jv7pf4yndw3mqr40bbf2ss1s,01jv76aamz3qctqtagdya8k942,0,201903262117549940392,RentProduct,CHILD,2,2025-05-14T15:26:33.000000Z,2025-05-14T15:26:33.000000Z
01jv7pf4ys81nvs98wnvxgdcp5,01jv76aamz3qctqtagdya8k942,0,201706010205416540111,RentProduct,CHILD,1,2025-05-14T15:26:33.000000Z,2025-05-14T15:26:33.000000Z
01jv7pf4yyb0263x3t666ve4h2,01jv76aamz3qctqtagdya8k942,0,201712031459073790223,RentProduct,CHILD,1,2025-05-14T15:26:33.000000Z,2025-05-14T15:26:33.000000Z
01jv7pe26d50109v7ppvbfe3t2,01jv77a5nr9sc9r8b575a4ec2p,0,201706010206418410124,RentProduct,PARENT,1,2025-05-14T15:25:58.000000Z,2025-05-14T15:25:58.000000Z
01jv7pe26jxf2hv1ve2r5gznvm,01jv77a5nr9sc9r8b575a4ec2p,0,201706010205410910112,RentProduct,CHILD,2,2025-05-14T15:25:58.000000Z,2025-05-14T15:25:58.000000Z
01jv7pe26p8f4q07cknnq534pv,01jv77a5nr9sc9r8b575a4ec2p,0,201712031459073790223,RentProduct,CHILD,1,2025-05-14T15:25:58.000000Z,2025-05-14T15:25:58.000000Z
01jv7pe26tm756kaas4x0pbka4,01jv77a5nr9sc9r8b575a4ec2p,0,201706010205416380134,RentProduct,CHILD,1,2025-05-14T15:25:58.000000Z,2025-05-14T15:25:58.000000Z
01jv7penh0t6g3t6nsnx9bjtdz,01jv76kzh5hnx0jm1kcwcj9gnt,0,201706010206255910117,RentProduct,PARENT,1,2025-05-14T15:26:18.000000Z,2025-05-14T15:26:18.000000Z
01jv7penh47cwcq329rtz785a0,01jv76kzh5hnx0jm1kcwcj9gnt,0,201706010205497160142,RentProduct,CHILD,4,2025-05-14T15:26:18.000000Z,2025-05-14T15:26:18.000000Z
01jv7penh8brxemww95wf7a1a0,01jv76kzh5hnx0jm1kcwcj9gnt,0,201706010205580760174,RentProduct,CHILD,1,2025-05-14T15:26:18.000000Z,2025-05-14T15:26:18.000000Z
01jv7penhdf3ch3n1h34jzmrn0,01jv76kzh5hnx0jm1kcwcj9gnt,0,201707252119291980167,RentProduct,CHILD,1,2025-05-14T15:26:18.000000Z,2025-05-14T15:26:18.000000Z
01jv7penhhsstz1q3mvn6d49yn,01jv76kzh5hnx0jm1kcwcj9gnt,0,201706010205518730181,RentProduct,CHILD,1,2025-05-14T15:26:18.000000Z,2025-05-14T15:26:18.000000Z
01jv7penhnhfy5t269k96scg55,01jv76kzh5hnx0jm1kcwcj9gnt,0,202109140855523390160,RentProduct,CHILD,1,2025-05-14T15:26:18.000000Z,2025-05-14T15:26:18.000000Z
01jv7pc1yh93h8r3ckmy28fjvs,01jv79r865xndggb9jkrz8jesp,0,202206211646138120235,RentProduct,PARENT,1,2025-05-14T15:24:52.000000Z,2025-05-14T15:24:52.000000Z
01jv7pc1ynwaw1s1prt2j8r2vn,01jv79r865xndggb9jkrz8jesp,0,202206211656566980215,RentProduct,CHILD,1,2025-05-14T15:24:52.000000Z,2025-05-14T15:24:52.000000Z
01jv7pc1yvxdrtaw2xan4qeyf4,01jv79r865xndggb9jkrz8jesp,0,202206211701198880247,RentProduct,CHILD,1,2025-05-14T15:24:52.000000Z,2025-05-14T15:24:52.000000Z
01jv7pc1yzwjs3wyd6kyh54ydz,01jv79r865xndggb9jkrz8jesp,0,202206211659394090221,RentProduct,CHILD,3,2025-05-14T15:24:52.000000Z,2025-05-14T15:24:52.000000Z
01jv7pegqr2anctv5tfy8q9rvp,01jv76swxmccfcs2r3xa1ystst,0,201706010206257320135,RentProduct,PARENT,1,2025-05-14T15:26:13.000000Z,2025-05-14T15:26:13.000000Z
01jv7pegqxh28ssvz1x2pvpn8f,01jv76swxmccfcs2r3xa1ystst,0,201706010205579040125,RentProduct,CHILD,2,2025-05-14T15:26:13.000000Z,2025-05-14T15:26:13.000000Z
01jv7pegr1w4dascw8gyb00edh,01jv76swxmccfcs2r3xa1ystst,0,201706010205579350138,RentProduct,CHILD,1,2025-05-14T15:26:13.000000Z,2025-05-14T15:26:13.000000Z
01jv7pegr6pv2b3hm1nbfbv3ee,01jv76swxmccfcs2r3xa1ystst,0,201706010205578880114,RentProduct,CHILD,1,2025-05-14T15:26:13.000000Z,2025-05-14T15:26:13.000000Z
01jz9rsfac2cg7bsdfbe4bwmn7,01jz9rsfa05tgdnyhc9bdtrbhj,0,201904142353363610341,RentProduct,PARENT,1,2025-07-04T03:48:25.000000Z,2025-07-04T03:48:25.000000Z
01jv7pfd85a6n5czytqfep4rt1,01jv76002jncqfe244y6kw7t3z,0,201706071901378320220,RentProduct,PARENT,1,2025-05-14T15:26:42.000000Z,2025-05-14T15:26:42.000000Z
01jv7pfd8arj7ag6qjkx9p042b,01jv76002jncqfe244y6kw7t3z,0,201903232324412230351,RentProduct,CHILD,4,2025-05-14T15:26:42.000000Z,2025-05-14T15:26:42.000000Z
01jv7pfd8e14khtdsx0esasq4k,01jv76002jncqfe244y6kw7t3z,0,201903261857366700397,RentProduct,CHILD,1,2025-05-14T15:26:42.000000Z,2025-05-14T15:26:42.000000Z
01jv7pfd8jeaabmr7r8wfngjnx,01jv76002jncqfe244y6kw7t3z,0,201706010205560290184,RentProduct,CHILD,1,2025-05-14T15:26:42.000000Z,2025-05-14T15:26:42.000000Z
01jv7pfd8qz93gd9desxtazytn,01jv76002jncqfe244y6kw7t3z,0,201706061717051940175,RentProduct,CHILD,1,2025-05-14T15:26:42.000000Z,2025-05-14T15:26:42.000000Z
01jv7pfd8v5j41c3n18mbgfbv5,01jv76002jncqfe244y6kw7t3z,0,201707252119291980167,RentProduct,CHILD,1,2025-05-14T15:26:42.000000Z,2025-05-14T15:26:42.000000Z
01k1ht492srhpavtg3ntf0a9mk,01jv794vts4ys8hbjwv316xetq,0,201706010206274190186,RentProduct,PARENT,1,2025-08-01T03:17:07.000000Z,2025-08-01T03:17:07.000000Z
01k1ht492xkk2614axzpzcj98b,01jv794vts4ys8hbjwv316xetq,0,201906180008569350342,RentProduct,CHILD,4,2025-08-01T03:17:07.000000Z,2025-08-01T03:17:07.000000Z
01k1ht4932zawmsjwpfgnkqw0k,01jv794vts4ys8hbjwv316xetq,0,201707252119291980167,RentProduct,CHILD,2,2025-08-01T03:17:07.000000Z,2025-08-01T03:17:07.000000Z
01k1ht49370xhtjk2bbbzb28qd,01jv794vts4ys8hbjwv316xetq,0,202201021607306660178,RentProduct,CHILD,1,2025-08-01T03:17:07.000000Z,2025-08-01T03:17:07.000000Z
01k1ht493bym057xc2kqr6jpmt,01jv794vts4ys8hbjwv316xetq,0,01k1hszf51zmh4chpf47qmtxmk,RentProduct,CHILD,1,2025-08-01T03:17:07.000000Z,2025-08-01T03:17:07.000000Z
01k1ht493fhaqx62mcyydj2ff4,01jv794vts4ys8hbjwv316xetq,0,01k1hstwm9gmjx8ws961kgzzfk,RentProduct,CHILD,1,2025-08-01T03:17:07.000000Z,2025-08-01T03:17:07.000000Z
01jv7pfp4ez7d4j7dz674gt2m9,01jv7228yxxm504v7exenj9nw2,0,201910202253146430165,RentProduct,PARENT,1,2025-05-14T15:26:51.000000Z,2025-05-14T15:26:51.000000Z
01jv7pfp4jbv7zb1aeg8xdg9da,01jv7228yxxm504v7exenj9nw2,0,201903232351528740316,RentProduct,CHILD,1,2025-05-14T15:26:51.000000Z,2025-05-14T15:26:51.000000Z
01jv7pfp4q0s9qr5vtjsmq794c,01jv7228yxxm504v7exenj9nw2,0,201709152134503460235,RentProduct,CHILD,1,2025-05-14T15:26:51.000000Z,2025-05-14T15:26:51.000000Z
01jv7pfp4vy8x3razqycah2qa5,01jv7228yxxm504v7exenj9nw2,0,201712222247274650181,RentProduct,CHILD,2,2025-05-14T15:26:51.000000Z,2025-05-14T15:26:51.000000Z
01jv7pfp4zgerq1kkhhs732cgc,01jv7228yxxm504v7exenj9nw2,0,201706061717051940175,RentProduct,CHILD,1,2025-05-14T15:26:51.000000Z,2025-05-14T15:26:51.000000Z
01jv7pfp53pntjde8h2j43p70h,01jv7228yxxm504v7exenj9nw2,0,201910202258173170161,RentProduct,CHILD,1,2025-05-14T15:26:51.000000Z,2025-05-14T15:26:51.000000Z
01jv7pfp5809dxf7wy39vksgtg,01jv7228yxxm504v7exenj9nw2,0,202109140925394630185,RentProduct,CHILD,1,2025-05-14T15:26:51.000000Z,2025-05-14T15:26:51.000000Z
01jv7pec4j9d295ded9d8mhhy4,01jv76zf63697m02b20dr27ckn,0,202212310848315590137,RentProduct,PARENT,1,2025-05-14T15:26:08.000000Z,2025-05-14T15:26:08.000000Z
01jv7pec4pg73ft75fvfexsqxx,01jv76zf63697m02b20dr27ckn,0,202109140925394630185,RentProduct,CHILD,1,2025-05-14T15:26:08.000000Z,2025-05-14T15:26:08.000000Z
01jv7pec4vwatrcr0vcvf7q26e,01jv76zf63697m02b20dr27ckn,0,201709152134503460235,RentProduct,CHILD,1,2025-05-14T15:26:08.000000Z,2025-05-14T15:26:08.000000Z
01jv7pec4zmb81ymymj6sa7tj0,01jv76zf63697m02b20dr27ckn,0,202212310856038280173,RentProduct,CHILD,1,2025-05-14T15:26:08.000000Z,2025-05-14T15:26:08.000000Z
01jza15yyj0dqrq2vxxq3s49qs,01jza15yy6zvnfkc144sy8d90r,0,01jz9v31gy7w4rswegw716z8z5,RentProduct,PARENT,1,2025-07-04T06:15:03.000000Z,2025-07-04T06:15:03.000000Z